MEF, incompleteness, criteria, scenario, score, date
M1, 50, C1, S1, 32
M1, 50, C1, S2, 14
M1, 50, C1, S3, 15
M1, 50, C1, S4, 60
M1, 50, C1, S5, 23
M1, 50, C1, S6, 68
M1, 50, C1, S7, 50
M1, 50, C1, S8, 93
M1, 50, C1, S9, 72
M1, 50, C1, S10, 64
M1, 50, C1, S11, 62
M1, 50, C1, S12, 31
M1, 50, C1, S13, 26
M1, 50, C1, S14, 78
M1, 50, C1, S15, 91
M1, 50, C1, S16, 19
M1, 50, C1, S17, 37
M1, 50, C1, S18, 37
M1, 50, C1, S19, 27
M1, 50, C1, S20, 22
M1, 50, C1, S21, 10
M1, 50, C1, S22, 15
M1, 50, C1, S23, 5
M1, 50, C1, S24, 40
M1, 50, C1, S25, 64
M1, 50, C1, S26, 86
M1, 50, C1, S27, 84
M1, 50, C1, S28, 49
M1, 50, C1, S29, 79
M1, 50, C1, S30, 58
M1, 50, C1, S31, 19
M1, 50, C1, S32, 80
M1, 50, C1, S33, 77
M1, 50, C1, S34, 45
M1, 50, C1, S35, 44
M1, 50, C1, S36, 68
M1, 50, C1, S37, 61
M1, 50, C1, S38, 62
M1, 50, C1, S39, 12
M1, 50, C1, S40, 88
M1, 50, C1, S41, 21
M1, 50, C1, S42, 86
M1, 50, C1, S43, 10
M1, 50, C1, S44, 70
M1, 50, C1, S45, 27
M1, 50, C1, S46, 29
M1, 50, C1, S47, 64
M1, 50, C1, S48, 24
M1, 50, C1, S49, 11
M1, 50, C1, S50, 64
M1, 50, C1, S51, 41
M1, 50, C1, S52, 58
M1, 50, C2, S1, 59
M1, 50, C2, S2, 10
M1, 50, C2, S3, 18
M1, 50, C2, S4, 3
M1, 50, C2, S5, 56
M1, 50, C2, S6, 51
M1, 50, C2, S7, 98
M1, 50, C2, S8, 54
M1, 50, C2, S9, 95
M1, 50, C2, S10, 85
M1, 50, C2, S11, 48
M1, 50, C2, S12, 12
M1, 50, C2, S13, 84
M1, 50, C2, S14, 65
M1, 50, C2, S15, 33
M1, 50, C2, S16, 15
M1, 50, C2, S17, 38
M1, 50, C2, S18, 21
M1, 50, C2, S19, 8
M1, 50, C2, S20, 57
M1, 50, C2, S21, 49
M1, 50, C2, S22, 24
M1, 50, C2, S23, 13
M1, 50, C2, S24, 65
M1, 50, C2, S25, 41
M1, 50, C2, S26, 19
M1, 50, C2, S27, 73
M1, 50, C2, S28, 75
M1, 50, C2, S29, 64
M1, 50, C2, S30, 9
M1, 50, C2, S31, 42
M1, 50, C2, S32, 57
M1, 50, C2, S33, 18
M1, 50, C2, S34, 62
M1, 50, C2, S35, 79
M1, 50, C2, S36, 74
M1, 50, C2, S37, 67
M1, 50, C2, S38, 95
M1, 50, C2, S39, 94
M1, 50, C2, S40, 55
M1, 50, C2, S41, 61
M1, 50, C2, S42, 91
M1, 50, C2, S43, 22
M1, 50, C2, S44, 35
M1, 50, C2, S45, 6
M1, 50, C2, S46, 57
M1, 50, C2, S47, 56
M1, 50, C2, S48, 47
M1, 50, C2, S49, 10
M1, 50, C2, S50, 64
M1, 50, C2, S51, 76
M1, 50, C2, S52, 58
M1, 50, C3, S1, 51
M1, 50, C3, S2, 20
M1, 50, C3, S3, 28
M1, 50, C3, S4, 4
M1, 50, C3, S5, 21
M1, 50, C3, S6, 21
M1, 50, C3, S7, 0
M1, 50, C3, S8, 93
M1, 50, C3, S9, 5
M1, 50, C3, S10, 37
M1, 50, C3, S11, 19
M1, 50, C3, S12, 4
M1, 50, C3, S13, 60
M1, 50, C3, S14, 2
M1, 50, C3, S15, 5
M1, 50, C3, S16, 30
M1, 50, C3, S17, 28
M1, 50, C3, S18, 66
M1, 50, C3, S19, 86
M1, 50, C3, S20, 73
M1, 50, C3, S21, 89
M1, 50, C3, S22, 3
M1, 50, C3, S23, 42
M1, 50, C3, S24, 29
M1, 50, C3, S25, 55
M1, 50, C3, S26, 69
M1, 50, C3, S27, 37
M1, 50, C3, S28, 89
M1, 50, C3, S29, 39
M1, 50, C3, S30, 5
M1, 50, C3, S31, 70
M1, 50, C3, S32, 86
M1, 50, C3, S33, 43
M1, 50, C3, S34, 7
M1, 50, C3, S35, 8
M1, 50, C3, S36, 49
M1, 50, C3, S37, 97
M1, 50, C3, S38, 18
M1, 50, C3, S39, 21
M1, 50, C3, S40, 27
M1, 50, C3, S41, 1
M1, 50, C3, S42, 70
M1, 50, C3, S43, 38
M1, 50, C3, S44, 86
M1, 50, C3, S45, 9
M1, 50, C3, S46, 93
M1, 50, C3, S47, 10
M1, 50, C3, S48, 75
M1, 50, C3, S49, 32
M1, 50, C3, S50, 34
M1, 50, C3, S51, 64
M1, 50, C3, S52, 8
M1, 50, C4, S1, 51
M1, 50, C4, S2, 60
M1, 50, C4, S3, 45
M1, 50, C4, S4, 7
M1, 50, C4, S5, 83
M1, 50, C4, S6, 97
M1, 50, C4, S7, 88
M1, 50, C4, S8, 74
M1, 50, C4, S9, 58
M1, 50, C4, S10, 93
M1, 50, C4, S11, 52
M1, 50, C4, S12, 34
M1, 50, C4, S13, 2
M1, 50, C4, S14, 88
M1, 50, C4, S15, 10
M1, 50, C4, S16, 87
M1, 50, C4, S17, 82
M1, 50, C4, S18, 82
M1, 50, C4, S19, 23
M1, 50, C4, S20, 25
M1, 50, C4, S21, 9
M1, 50, C4, S22, 81
M1, 50, C4, S23, 46
M1, 50, C4, S24, 80
M1, 50, C4, S25, 10
M1, 50, C4, S26, 25
M1, 50, C4, S27, 18
M1, 50, C4, S28, 69
M1, 50, C4, S29, 7
M1, 50, C4, S30, 35
M1, 50, C4, S31, 2
M1, 50, C4, S32, 58
M1, 50, C4, S33, 13
M1, 50, C4, S34, 29
M1, 50, C4, S35, 70
M1, 50, C4, S36, 52
M1, 50, C4, S37, 68
M1, 50, C4, S38, 8
M1, 50, C4, S39, 56
M1, 50, C4, S40, 97
M1, 50, C4, S41, 81
M1, 50, C4, S42, 31
M1, 50, C4, S43, 99
M1, 50, C4, S44, 93
M1, 50, C4, S45, 40
M1, 50, C4, S46, 18
M1, 50, C4, S47, 61
M1, 50, C4, S48, 26
M1, 50, C4, S49, 19
M1, 50, C4, S50, 34
M1, 50, C4, S51, 67
M1, 50, C4, S52, 54
M1, 50, C5, S1, 19
M1, 50, C5, S2, 76
M1, 50, C5, S3, 38
M1, 50, C5, S4, 88
M1, 50, C5, S5, 14
M1, 50, C5, S6, 44
M1, 50, C5, S7, 12
M1, 50, C5, S8, 37
M1, 50, C5, S9, 46
M1, 50, C5, S10, 92
M1, 50, C5, S11, 82
M1, 50, C5, S12, 70
M1, 50, C5, S13, 39
M1, 50, C5, S14, 88
M1, 50, C5, S15, 72
M1, 50, C5, S16, 4
M1, 50, C5, S17, 55
M1, 50, C5, S18, 65
M1, 50, C5, S19, 10
M1, 50, C5, S20, 66
M1, 50, C5, S21, 28
M1, 50, C5, S22, 98
M1, 50, C5, S23, 45
M1, 50, C5, S24, 69
M1, 50, C5, S25, 15
M1, 50, C5, S26, 48
M1, 50, C5, S27, 52
M1, 50, C5, S28, 57
M1, 50, C5, S29, 47
M1, 50, C5, S30, 22
M1, 50, C5, S31, 78
M1, 50, C5, S32, 79
M1, 50, C5, S33, 43
M1, 50, C5, S34, 68
M1, 50, C5, S35, 12
M1, 50, C5, S36, 62
M1, 50, C5, S37, 4
M1, 50, C5, S38, 39
M1, 50, C5, S39, 42
M1, 50, C5, S40, 63
M1, 50, C5, S41, 42
M1, 50, C5, S42, 89
M1, 50, C5, S43, 96
M1, 50, C5, S44, 15
M1, 50, C5, S45, 69
M1, 50, C5, S46, 59
M1, 50, C5, S47, 83
M1, 50, C5, S48, 79
M1, 50, C5, S49, 39
M1, 50, C5, S50, 6
M1, 50, C5, S51, 91
M1, 50, C5, S52, 84
M1, 50, C6, S1, 61
M1, 50, C6, S2, 11
M1, 50, C6, S3, 57
M1, 50, C6, S4, 52
M1, 50, C6, S5, 1
M1, 50, C6, S6, 81
M1, 50, C6, S7, 63
M1, 50, C6, S8, 73
M1, 50, C6, S9, 94
M1, 50, C6, S10, 12
M1, 50, C6, S11, 27
M1, 50, C6, S12, 94
M1, 50, C6, S13, 86
M1, 50, C6, S14, 12
M1, 50, C6, S15, 48
M1, 50, C6, S16, 60
M1, 50, C6, S17, 74
M1, 50, C6, S18, 45
M1, 50, C6, S19, 5
M1, 50, C6, S20, 79
M1, 50, C6, S21, 90
M1, 50, C6, S22, 41
M1, 50, C6, S23, 62
M1, 50, C6, S24, 0
M1, 50, C6, S25, 86
M1, 50, C6, S26, 90
M1, 50, C6, S27, 63
M1, 50, C6, S28, 78
M1, 50, C6, S29, 54
M1, 50, C6, S30, 88
M1, 50, C6, S31, 56
M1, 50, C6, S32, 8
M1, 50, C6, S33, 38
M1, 50, C6, S34, 75
M1, 50, C6, S35, 46
M1, 50, C6, S36, 92
M1, 50, C6, S37, 84
M1, 50, C6, S38, 31
M1, 50, C6, S39, 88
M1, 50, C6, S40, 59
M1, 50, C6, S41, 60
M1, 50, C6, S42, 44
M1, 50, C6, S43, 81
M1, 50, C6, S44, 34
M1, 50, C6, S45, 34
M1, 50, C6, S46, 19
M1, 50, C6, S47, 93
M1, 50, C6, S48, 77
M1, 50, C6, S49, 50
M1, 50, C6, S50, 49
M1, 50, C6, S51, 94
M1, 50, C6, S52, 36
M1, 50, C7, S1, 64
M1, 50, C7, S2, 28
M1, 50, C7, S3, 9
M1, 50, C7, S4, 17
M1, 50, C7, S5, 38
M1, 50, C7, S6, 4
M1, 50, C7, S7, 42
M1, 50, C7, S8, 92
M1, 50, C7, S9, 44
M1, 50, C7, S10, 15
M1, 50, C7, S11, 6
M1, 50, C7, S12, 38
M1, 50, C7, S13, 0
M1, 50, C7, S14, 6
M1, 50, C7, S15, 13
M1, 50, C7, S16, 14
M1, 50, C7, S17, 66
M1, 50, C7, S18, 62
M1, 50, C7, S19, 49
M1, 50, C7, S20, 87
M1, 50, C7, S21, 95
M1, 50, C7, S22, 98
M1, 50, C7, S23, 10
M1, 50, C7, S24, 76
M1, 50, C7, S25, 78
M1, 50, C7, S26, 73
M1, 50, C7, S27, 12
M1, 50, C7, S28, 33
M1, 50, C7, S29, 59
M1, 50, C7, S30, 82
M1, 50, C7, S31, 53
M1, 50, C7, S32, 59
M1, 50, C7, S33, 40
M1, 50, C7, S34, 29
M1, 50, C7, S35, 5
M1, 50, C7, S36, 70
M1, 50, C7, S37, 94
M1, 50, C7, S38, 39
M1, 50, C7, S39, 40
M1, 50, C7, S40, 95
M1, 50, C7, S41, 42
M1, 50, C7, S42, 20
M1, 50, C7, S43, 24
M1, 50, C7, S44, 92
M1, 50, C7, S45, 51
M1, 50, C7, S46, 83
M1, 50, C7, S47, 67
M1, 50, C7, S48, 12
M1, 50, C7, S49, 81
M1, 50, C7, S50, 37
M1, 50, C7, S51, 25
M1, 50, C7, S52, 85
M1, 50, C8, S1, 19
M1, 50, C8, S2, 2
M1, 50, C8, S3, 44
M1, 50, C8, S4, 14
M1, 50, C8, S5, 75
M1, 50, C8, S6, 93
M1, 50, C8, S7, 61
M1, 50, C8, S8, 54
M1, 50, C8, S9, 31
M1, 50, C8, S10, 10
M1, 50, C8, S11, 31
M1, 50, C8, S12, 52
M1, 50, C8, S13, 46
M1, 50, C8, S14, 78
M1, 50, C8, S15, 17
M1, 50, C8, S16, 55
M1, 50, C8, S17, 49
M1, 50, C8, S18, 56
M1, 50, C8, S19, 57
M1, 50, C8, S20, 73
M1, 50, C8, S21, 30
M1, 50, C8, S22, 65
M1, 50, C8, S23, 93
M1, 50, C8, S24, 2
M1, 50, C8, S25, 65
M1, 50, C8, S26, 25
M1, 50, C8, S27, 98
M1, 50, C8, S28, 58
M1, 50, C8, S29, 28
M1, 50, C8, S30, 8
M1, 50, C8, S31, 83
M1, 50, C8, S32, 76
M1, 50, C8, S33, 4
M1, 50, C8, S34, 2
M1, 50, C8, S35, 54
M1, 50, C8, S36, 18
M1, 50, C8, S37, 50
M1, 50, C8, S38, 58
M1, 50, C8, S39, 80
M1, 50, C8, S40, 20
M1, 50, C8, S41, 42
M1, 50, C8, S42, 57
M1, 50, C8, S43, 39
M1, 50, C8, S44, 56
M1, 50, C8, S45, 36
M1, 50, C8, S46, 38
M1, 50, C8, S47, 26
M1, 50, C8, S48, 79
M1, 50, C8, S49, 21
M1, 50, C8, S50, 19
M1, 50, C8, S51, 32
M1, 50, C8, S52, 86
M1, 50, C9, S1, 23
M1, 50, C9, S2, 77
M1, 50, C9, S3, 9
M1, 50, C9, S4, 74
M1, 50, C9, S5, 13
M1, 50, C9, S6, 26
M1, 50, C9, S7, 80
M1, 50, C9, S8, 68
M1, 50, C9, S9, 75
M1, 50, C9, S10, 12
M1, 50, C9, S11, 15
M1, 50, C9, S12, 1
M1, 50, C9, S13, 87
M1, 50, C9, S14, 14
M1, 50, C9, S15, 6
M1, 50, C9, S16, 55
M1, 50, C9, S17, 83
M1, 50, C9, S18, 16
M1, 50, C9, S19, 56
M1, 50, C9, S20, 25
M1, 50, C9, S21, 37
M1, 50, C9, S22, 78
M1, 50, C9, S23, 23
M1, 50, C9, S24, 54
M1, 50, C9, S25, 26
M1, 50, C9, S26, 69
M1, 50, C9, S27, 60
M1, 50, C9, S28, 90
M1, 50, C9, S29, 21
M1, 50, C9, S30, 99
M1, 50, C9, S31, 56
M1, 50, C9, S32, 91
M1, 50, C9, S33, 12
M1, 50, C9, S34, 91
M1, 50, C9, S35, 26
M1, 50, C9, S36, 38
M1, 50, C9, S37, 7
M1, 50, C9, S38, 64
M1, 50, C9, S39, 75
M1, 50, C9, S40, 23
M1, 50, C9, S41, 99
M1, 50, C9, S42, 61
M1, 50, C9, S43, 92
M1, 50, C9, S44, 46
M1, 50, C9, S45, 51
M1, 50, C9, S46, 66
M1, 50, C9, S47, 65
M1, 50, C9, S48, 82
M1, 50, C9, S49, 7
M1, 50, C9, S50, 76
M1, 50, C9, S51, 47
M1, 50, C9, S52, 40
M1, 50, C10, S1, 78
M1, 50, C10, S2, 23
M1, 50, C10, S3, 89
M1, 50, C10, S4, 50
M1, 50, C10, S5, 72
M1, 50, C10, S6, 93
M1, 50, C10, S7, 93
M1, 50, C10, S8, 31
M1, 50, C10, S9, 49
M1, 50, C10, S10, 18
M1, 50, C10, S11, 22
M1, 50, C10, S12, 5
M1, 50, C10, S13, 31
M1, 50, C10, S14, 26
M1, 50, C10, S15, 75
M1, 50, C10, S16, 35
M1, 50, C10, S17, 88
M1, 50, C10, S18, 11
M1, 50, C10, S19, 70
M1, 50, C10, S20, 89
M1, 50, C10, S21, 60
M1, 50, C10, S22, 60
M1, 50, C10, S23, 13
M1, 50, C10, S24, 63
M1, 50, C10, S25, 16
M1, 50, C10, S26, 70
M1, 50, C10, S27, 64
M1, 50, C10, S28, 33
M1, 50, C10, S29, 59
M1, 50, C10, S30, 68
M1, 50, C10, S31, 59
M1, 50, C10, S32, 3
M1, 50, C10, S33, 58
M1, 50, C10, S34, 22
M1, 50, C10, S35, 39
M1, 50, C10, S36, 67
M1, 50, C10, S37, 38
M1, 50, C10, S38, 16
M1, 50, C10, S39, 56
M1, 50, C10, S40, 27
M1, 50, C10, S41, 81
M1, 50, C10, S42, 16
M1, 50, C10, S43, 76
M1, 50, C10, S44, 87
M1, 50, C10, S45, 7
M1, 50, C10, S46, 15
M1, 50, C10, S47, 9
M1, 50, C10, S48, 21
M1, 50, C10, S49, 46
M1, 50, C10, S50, 90
M1, 50, C10, S51, 62
M1, 50, C10, S52, 29
M1, 50, C11, S1, 44
M1, 50, C11, S2, 51
M1, 50, C11, S3, 94
M1, 50, C11, S4, 65
M1, 50, C11, S5, 77
M1, 50, C11, S6, 77
M1, 50, C11, S7, 94
M1, 50, C11, S8, 77
M1, 50, C11, S9, 50
M1, 50, C11, S10, 59
M1, 50, C11, S11, 26
M1, 50, C11, S12, 49
M1, 50, C11, S13, 78
M1, 50, C11, S14, 99
M1, 50, C11, S15, 94
M1, 50, C11, S16, 15
M1, 50, C11, S17, 17
M1, 50, C11, S18, 39
M1, 50, C11, S19, 78
M1, 50, C11, S20, 59
M1, 50, C11, S21, 44
M1, 50, C11, S22, 37
M1, 50, C11, S23, 29
M1, 50, C11, S24, 80
M1, 50, C11, S25, 35
M1, 50, C11, S26, 89
M1, 50, C11, S27, 41
M1, 50, C11, S28, 49
M1, 50, C11, S29, 85
M1, 50, C11, S30, 35
M1, 50, C11, S31, 92
M1, 50, C11, S32, 91
M1, 50, C11, S33, 96
M1, 50, C11, S34, 92
M1, 50, C11, S35, 73
M1, 50, C11, S36, 85
M1, 50, C11, S37, 87
M1, 50, C11, S38, 97
M1, 50, C11, S39, 5
M1, 50, C11, S40, 78
M1, 50, C11, S41, 85
M1, 50, C11, S42, 63
M1, 50, C11, S43, 65
M1, 50, C11, S44, 82
M1, 50, C11, S45, 36
M1, 50, C11, S46, 67
M1, 50, C11, S47, 69
M1, 50, C11, S48, 94
M1, 50, C11, S49, 67
M1, 50, C11, S50, 73
M1, 50, C11, S51, 88
M1, 50, C11, S52, 42
M1, 50, C12, S1, 39
M1, 50, C12, S2, 40
M1, 50, C12, S3, 15
M1, 50, C12, S4, 59
M1, 50, C12, S5, 47
M1, 50, C12, S6, 84
M1, 50, C12, S7, 32
M1, 50, C12, S8, 40
M1, 50, C12, S9, 53
M1, 50, C12, S10, 76
M1, 50, C12, S11, 49
M1, 50, C12, S12, 42
M1, 50, C12, S13, 58
M1, 50, C12, S14, 48
M1, 50, C12, S15, 8
M1, 50, C12, S16, 23
M1, 50, C12, S17, 28
M1, 50, C12, S18, 44
M1, 50, C12, S19, 72
M1, 50, C12, S20, 80
M1, 50, C12, S21, 89
M1, 50, C12, S22, 26
M1, 50, C12, S23, 23
M1, 50, C12, S24, 55
M1, 50, C12, S25, 28
M1, 50, C12, S26, 89
M1, 50, C12, S27, 73
M1, 50, C12, S28, 93
M1, 50, C12, S29, 88
M1, 50, C12, S30, 35
M1, 50, C12, S31, 83
M1, 50, C12, S32, 30
M1, 50, C12, S33, 86
M1, 50, C12, S34, 44
M1, 50, C12, S35, 0
M1, 50, C12, S36, 2
M1, 50, C12, S37, 21
M1, 50, C12, S38, 59
M1, 50, C12, S39, 94
M1, 50, C12, S40, 94
M1, 50, C12, S41, 41
M1, 50, C12, S42, 1
M1, 50, C12, S43, 93
M1, 50, C12, S44, 95
M1, 50, C12, S45, 53
M1, 50, C12, S46, 42
M1, 50, C12, S47, 35
M1, 50, C12, S48, 74
M1, 50, C12, S49, 80
M1, 50, C12, S50, 49
M1, 50, C12, S51, 30
M1, 50, C12, S52, 5
M1, 50, C13, S1, 42
M1, 50, C13, S2, 36
M1, 50, C13, S3, 12
M1, 50, C13, S4, 24
M1, 50, C13, S5, 25
M1, 50, C13, S6, 31
M1, 50, C13, S7, 35
M1, 50, C13, S8, 32
M1, 50, C13, S9, 77
M1, 50, C13, S10, 41
M1, 50, C13, S11, 13
M1, 50, C13, S12, 68
M1, 50, C13, S13, 10
M1, 50, C13, S14, 69
M1, 50, C13, S15, 60
M1, 50, C13, S16, 52
M1, 50, C13, S17, 9
M1, 50, C13, S18, 84
M1, 50, C13, S19, 16
M1, 50, C13, S20, 37
M1, 50, C13, S21, 42
M1, 50, C13, S22, 22
M1, 50, C13, S23, 69
M1, 50, C13, S24, 17
M1, 50, C13, S25, 23
M1, 50, C13, S26, 31
M1, 50, C13, S27, 27
M1, 50, C13, S28, 26
M1, 50, C13, S29, 32
M1, 50, C13, S30, 19
M1, 50, C13, S31, 44
M1, 50, C13, S32, 28
M1, 50, C13, S33, 38
M1, 50, C13, S34, 36
M1, 50, C13, S35, 17
M1, 50, C13, S36, 10
M1, 50, C13, S37, 80
M1, 50, C13, S38, 96
M1, 50, C13, S39, 73
M1, 50, C13, S40, 33
M1, 50, C13, S41, 97
M1, 50, C13, S42, 37
M1, 50, C13, S43, 8
M1, 50, C13, S44, 79
M1, 50, C13, S45, 43
M1, 50, C13, S46, 59
M1, 50, C13, S47, 70
M1, 50, C13, S48, 42
M1, 50, C13, S49, 0
M1, 50, C13, S50, 59
M1, 50, C13, S51, 49
M1, 50, C13, S52, 52
M2, 30, C1, S1, 19
M2, 30, C1, S2, 66
M2, 30, C1, S3, 40
M2, 30, C1, S4, 37
M2, 30, C1, S5, 98
M2, 30, C1, S6, 6
M2, 30, C1, S7, 69
M2, 30, C1, S8, 66
M2, 30, C1, S9, 17
M2, 30, C1, S10, 51
M2, 30, C1, S11, 88
M2, 30, C1, S12, 43
M2, 30, C1, S13, 85
M2, 30, C1, S14, 32
M2, 30, C1, S15, 65
M2, 30, C1, S16, 65
M2, 30, C1, S17, 42
M2, 30, C1, S18, 66
M2, 30, C1, S19, 52
M2, 30, C1, S20, 81
M2, 30, C1, S21, 39
M2, 30, C1, S22, 78
M2, 30, C1, S23, 42
M2, 30, C1, S24, 34
M2, 30, C1, S25, 48
M2, 30, C1, S26, 31
M2, 30, C1, S27, 23
M2, 30, C1, S28, 77
M2, 30, C1, S29, 92
M2, 30, C1, S30, 7
M2, 30, C1, S31, 75
M2, 30, C1, S32, 83
M2, 30, C1, S33, 7
M2, 30, C1, S34, 40
M2, 30, C1, S35, 43
M2, 30, C1, S36, 5
M2, 30, C1, S37, 82
M2, 30, C1, S38, 13
M2, 30, C1, S39, 61
M2, 30, C1, S40, 57
M2, 30, C1, S41, 83
M2, 30, C1, S42, 77
M2, 30, C1, S43, 18
M2, 30, C1, S44, 61
M2, 30, C1, S45, 28
M2, 30, C1, S46, 18
M2, 30, C1, S47, 33
M2, 30, C1, S48, 31
M2, 30, C1, S49, 92
M2, 30, C1, S50, 89
M2, 30, C1, S51, 20
M2, 30, C1, S52, 41
M2, 30, C2, S1, 53
M2, 30, C2, S2, 60
M2, 30, C2, S3, 11
M2, 30, C2, S4, 60
M2, 30, C2, S5, 84
M2, 30, C2, S6, 33
M2, 30, C2, S7, 18
M2, 30, C2, S8, 52
M2, 30, C2, S9, 0
M2, 30, C2, S10, 85
M2, 30, C2, S11, 65
M2, 30, C2, S12, 55
M2, 30, C2, S13, 60
M2, 30, C2, S14, 24
M2, 30, C2, S15, 77
M2, 30, C2, S16, 63
M2, 30, C2, S17, 56
M2, 30, C2, S18, 4
M2, 30, C2, S19, 68
M2, 30, C2, S20, 26
M2, 30, C2, S21, 25
M2, 30, C2, S22, 33
M2, 30, C2, S23, 48
M2, 30, C2, S24, 87
M2, 30, C2, S25, 2
M2, 30, C2, S26, 29
M2, 30, C2, S27, 28
M2, 30, C2, S28, 30
M2, 30, C2, S29, 24
M2, 30, C2, S30, 24
M2, 30, C2, S31, 11
M2, 30, C2, S32, 48
M2, 30, C2, S33, 74
M2, 30, C2, S34, 44
M2, 30, C2, S35, 81
M2, 30, C2, S36, 73
M2, 30, C2, S37, 83
M2, 30, C2, S38, 44
M2, 30, C2, S39, 45
M2, 30, C2, S40, 41
M2, 30, C2, S41, 25
M2, 30, C2, S42, 50
M2, 30, C2, S43, 42
M2, 30, C2, S44, 23
M2, 30, C2, S45, 98
M2, 30, C2, S46, 20
M2, 30, C2, S47, 21
M2, 30, C2, S48, 62
M2, 30, C2, S49, 92
M2, 30, C2, S50, 39
M2, 30, C2, S51, 38
M2, 30, C2, S52, 66
M2, 30, C3, S1, 72
M2, 30, C3, S2, 23
M2, 30, C3, S3, 32
M2, 30, C3, S4, 75
M2, 30, C3, S5, 60
M2, 30, C3, S6, 61
M2, 30, C3, S7, 73
M2, 30, C3, S8, 63
M2, 30, C3, S9, 8
M2, 30, C3, S10, 8
M2, 30, C3, S11, 1
M2, 30, C3, S12, 29
M2, 30, C3, S13, 12
M2, 30, C3, S14, 78
M2, 30, C3, S15, 35
M2, 30, C3, S16, 92
M2, 30, C3, S17, 65
M2, 30, C3, S18, 96
M2, 30, C3, S19, 30
M2, 30, C3, S20, 36
M2, 30, C3, S21, 79
M2, 30, C3, S22, 47
M2, 30, C3, S23, 54
M2, 30, C3, S24, 30
M2, 30, C3, S25, 14
M2, 30, C3, S26, 48
M2, 30, C3, S27, 27
M2, 30, C3, S28, 24
M2, 30, C3, S29, 78
M2, 30, C3, S30, 65
M2, 30, C3, S31, 11
M2, 30, C3, S32, 34
M2, 30, C3, S33, 91
M2, 30, C3, S34, 6
M2, 30, C3, S35, 67
M2, 30, C3, S36, 30
M2, 30, C3, S37, 65
M2, 30, C3, S38, 77
M2, 30, C3, S39, 49
M2, 30, C3, S40, 78
M2, 30, C3, S41, 87
M2, 30, C3, S42, 51
M2, 30, C3, S43, 81
M2, 30, C3, S44, 93
M2, 30, C3, S45, 35
M2, 30, C3, S46, 53
M2, 30, C3, S47, 14
M2, 30, C3, S48, 41
M2, 30, C3, S49, 94
M2, 30, C3, S50, 58
M2, 30, C3, S51, 45
M2, 30, C3, S52, 18
M2, 30, C4, S1, 39
M2, 30, C4, S2, 38
M2, 30, C4, S3, 15
M2, 30, C4, S4, 55
M2, 30, C4, S5, 56
M2, 30, C4, S6, 34
M2, 30, C4, S7, 93
M2, 30, C4, S8, 67
M2, 30, C4, S9, 42
M2, 30, C4, S10, 2
M2, 30, C4, S11, 46
M2, 30, C4, S12, 75
M2, 30, C4, S13, 63
M2, 30, C4, S14, 56
M2, 30, C4, S15, 42
M2, 30, C4, S16, 36
M2, 30, C4, S17, 51
M2, 30, C4, S18, 30
M2, 30, C4, S19, 4
M2, 30, C4, S20, 54
M2, 30, C4, S21, 52
M2, 30, C4, S22, 69
M2, 30, C4, S23, 8
M2, 30, C4, S24, 64
M2, 30, C4, S25, 26
M2, 30, C4, S26, 76
M2, 30, C4, S27, 88
M2, 30, C4, S28, 67
M2, 30, C4, S29, 10
M2, 30, C4, S30, 20
M2, 30, C4, S31, 36
M2, 30, C4, S32, 58
M2, 30, C4, S33, 90
M2, 30, C4, S34, 84
M2, 30, C4, S35, 60
M2, 30, C4, S36, 84
M2, 30, C4, S37, 85
M2, 30, C4, S38, 74
M2, 30, C4, S39, 46
M2, 30, C4, S40, 64
M2, 30, C4, S41, 27
M2, 30, C4, S42, 21
M2, 30, C4, S43, 71
M2, 30, C4, S44, 15
M2, 30, C4, S45, 71
M2, 30, C4, S46, 64
M2, 30, C4, S47, 58
M2, 30, C4, S48, 92
M2, 30, C4, S49, 66
M2, 30, C4, S50, 85
M2, 30, C4, S51, 26
M2, 30, C4, S52, 99
M2, 30, C5, S1, 5
M2, 30, C5, S2, 28
M2, 30, C5, S3, 36
M2, 30, C5, S4, 28
M2, 30, C5, S5, 51
M2, 30, C5, S6, 26
M2, 30, C5, S7, 55
M2, 30, C5, S8, 79
M2, 30, C5, S9, 45
M2, 30, C5, S10, 10
M2, 30, C5, S11, 23
M2, 30, C5, S12, 5
M2, 30, C5, S13, 42
M2, 30, C5, S14, 16
M2, 30, C5, S15, 31
M2, 30, C5, S16, 14
M2, 30, C5, S17, 96
M2, 30, C5, S18, 17
M2, 30, C5, S19, 25
M2, 30, C5, S20, 31
M2, 30, C5, S21, 49
M2, 30, C5, S22, 19
M2, 30, C5, S23, 44
M2, 30, C5, S24, 85
M2, 30, C5, S25, 51
M2, 30, C5, S26, 47
M2, 30, C5, S27, 59
M2, 30, C5, S28, 8
M2, 30, C5, S29, 75
M2, 30, C5, S30, 34
M2, 30, C5, S31, 36
M2, 30, C5, S32, 48
M2, 30, C5, S33, 87
M2, 30, C5, S34, 29
M2, 30, C5, S35, 58
M2, 30, C5, S36, 33
M2, 30, C5, S37, 16
M2, 30, C5, S38, 14
M2, 30, C5, S39, 14
M2, 30, C5, S40, 27
M2, 30, C5, S41, 60
M2, 30, C5, S42, 49
M2, 30, C5, S43, 79
M2, 30, C5, S44, 29
M2, 30, C5, S45, 28
M2, 30, C5, S46, 96
M2, 30, C5, S47, 1
M2, 30, C5, S48, 57
M2, 30, C5, S49, 84
M2, 30, C5, S50, 27
M2, 30, C5, S51, 18
M2, 30, C5, S52, 58
M2, 30, C6, S1, 29
M2, 30, C6, S2, 63
M2, 30, C6, S3, 60
M2, 30, C6, S4, 89
M2, 30, C6, S5, 20
M2, 30, C6, S6, 93
M2, 30, C6, S7, 24
M2, 30, C6, S8, 84
M2, 30, C6, S9, 97
M2, 30, C6, S10, 32
M2, 30, C6, S11, 7
M2, 30, C6, S12, 58
M2, 30, C6, S13, 70
M2, 30, C6, S14, 45
M2, 30, C6, S15, 57
M2, 30, C6, S16, 21
M2, 30, C6, S17, 27
M2, 30, C6, S18, 20
M2, 30, C6, S19, 12
M2, 30, C6, S20, 19
M2, 30, C6, S21, 34
M2, 30, C6, S22, 42
M2, 30, C6, S23, 26
M2, 30, C6, S24, 54
M2, 30, C6, S25, 41
M2, 30, C6, S26, 79
M2, 30, C6, S27, 43
M2, 30, C6, S28, 57
M2, 30, C6, S29, 49
M2, 30, C6, S30, 21
M2, 30, C6, S31, 83
M2, 30, C6, S32, 70
M2, 30, C6, S33, 43
M2, 30, C6, S34, 72
M2, 30, C6, S35, 84
M2, 30, C6, S36, 40
M2, 30, C6, S37, 97
M2, 30, C6, S38, 9
M2, 30, C6, S39, 12
M2, 30, C6, S40, 29
M2, 30, C6, S41, 7
M2, 30, C6, S42, 90
M2, 30, C6, S43, 75
M2, 30, C6, S44, 60
M2, 30, C6, S45, 32
M2, 30, C6, S46, 45
M2, 30, C6, S47, 86
M2, 30, C6, S48, 73
M2, 30, C6, S49, 20
M2, 30, C6, S50, 40
M2, 30, C6, S51, 96
M2, 30, C6, S52, 96
M2, 30, C7, S1, 8
M2, 30, C7, S2, 27
M2, 30, C7, S3, 32
M2, 30, C7, S4, 6
M2, 30, C7, S5, 74
M2, 30, C7, S6, 86
M2, 30, C7, S7, 78
M2, 30, C7, S8, 42
M2, 30, C7, S9, 68
M2, 30, C7, S10, 89
M2, 30, C7, S11, 21
M2, 30, C7, S12, 19
M2, 30, C7, S13, 39
M2, 30, C7, S14, 90
M2, 30, C7, S15, 48
M2, 30, C7, S16, 95
M2, 30, C7, S17, 80
M2, 30, C7, S18, 35
M2, 30, C7, S19, 18
M2, 30, C7, S20, 50
M2, 30, C7, S21, 25
M2, 30, C7, S22, 57
M2, 30, C7, S23, 64
M2, 30, C7, S24, 66
M2, 30, C7, S25, 48
M2, 30, C7, S26, 17
M2, 30, C7, S27, 45
M2, 30, C7, S28, 26
M2, 30, C7, S29, 78
M2, 30, C7, S30, 45
M2, 30, C7, S31, 81
M2, 30, C7, S32, 70
M2, 30, C7, S33, 58
M2, 30, C7, S34, 17
M2, 30, C7, S35, 52
M2, 30, C7, S36, 43
M2, 30, C7, S37, 28
M2, 30, C7, S38, 0
M2, 30, C7, S39, 36
M2, 30, C7, S40, 35
M2, 30, C7, S41, 3
M2, 30, C7, S42, 21
M2, 30, C7, S43, 14
M2, 30, C7, S44, 46
M2, 30, C7, S45, 58
M2, 30, C7, S46, 44
M2, 30, C7, S47, 59
M2, 30, C7, S48, 82
M2, 30, C7, S49, 2
M2, 30, C7, S50, 23
M2, 30, C7, S51, 45
M2, 30, C7, S52, 14
M2, 30, C8, S1, 95
M2, 30, C8, S2, 41
M2, 30, C8, S3, 26
M2, 30, C8, S4, 33
M2, 30, C8, S5, 13
M2, 30, C8, S6, 0
M2, 30, C8, S7, 96
M2, 30, C8, S8, 48
M2, 30, C8, S9, 85
M2, 30, C8, S10, 82
M2, 30, C8, S11, 48
M2, 30, C8, S12, 98
M2, 30, C8, S13, 16
M2, 30, C8, S14, 54
M2, 30, C8, S15, 36
M2, 30, C8, S16, 44
M2, 30, C8, S17, 39
M2, 30, C8, S18, 52
M2, 30, C8, S19, 12
M2, 30, C8, S20, 67
M2, 30, C8, S21, 74
M2, 30, C8, S22, 89
M2, 30, C8, S23, 42
M2, 30, C8, S24, 85
M2, 30, C8, S25, 1
M2, 30, C8, S26, 0
M2, 30, C8, S27, 4
M2, 30, C8, S28, 1
M2, 30, C8, S29, 60
M2, 30, C8, S30, 21
M2, 30, C8, S31, 24
M2, 30, C8, S32, 0
M2, 30, C8, S33, 78
M2, 30, C8, S34, 4
M2, 30, C8, S35, 26
M2, 30, C8, S36, 13
M2, 30, C8, S37, 9
M2, 30, C8, S38, 50
M2, 30, C8, S39, 38
M2, 30, C8, S40, 13
M2, 30, C8, S41, 66
M2, 30, C8, S42, 60
M2, 30, C8, S43, 5
M2, 30, C8, S44, 89
M2, 30, C8, S45, 27
M2, 30, C8, S46, 88
M2, 30, C8, S47, 62
M2, 30, C8, S48, 13
M2, 30, C8, S49, 47
M2, 30, C8, S50, 71
M2, 30, C8, S51, 36
M2, 30, C8, S52, 25
M2, 30, C9, S1, 35
M2, 30, C9, S2, 63
M2, 30, C9, S3, 60
M2, 30, C9, S4, 29
M2, 30, C9, S5, 50
M2, 30, C9, S6, 25
M2, 30, C9, S7, 44
M2, 30, C9, S8, 79
M2, 30, C9, S9, 78
M2, 30, C9, S10, 59
M2, 30, C9, S11, 47
M2, 30, C9, S12, 41
M2, 30, C9, S13, 68
M2, 30, C9, S14, 91
M2, 30, C9, S15, 19
M2, 30, C9, S16, 16
M2, 30, C9, S17, 97
M2, 30, C9, S18, 36
M2, 30, C9, S19, 67
M2, 30, C9, S20, 76
M2, 30, C9, S21, 47
M2, 30, C9, S22, 12
M2, 30, C9, S23, 62
M2, 30, C9, S24, 9
M2, 30, C9, S25, 99
M2, 30, C9, S26, 57
M2, 30, C9, S27, 70
M2, 30, C9, S28, 78
M2, 30, C9, S29, 55
M2, 30, C9, S30, 16
M2, 30, C9, S31, 1
M2, 30, C9, S32, 89
M2, 30, C9, S33, 41
M2, 30, C9, S34, 62
M2, 30, C9, S35, 12
M2, 30, C9, S36, 28
M2, 30, C9, S37, 72
M2, 30, C9, S38, 54
M2, 30, C9, S39, 35
M2, 30, C9, S40, 55
M2, 30, C9, S41, 99
M2, 30, C9, S42, 73
M2, 30, C9, S43, 83
M2, 30, C9, S44, 64
M2, 30, C9, S45, 83
M2, 30, C9, S46, 32
M2, 30, C9, S47, 1
M2, 30, C9, S48, 47
M2, 30, C9, S49, 29
M2, 30, C9, S50, 34
M2, 30, C9, S51, 7
M2, 30, C9, S52, 11
M2, 30, C10, S1, 95
M2, 30, C10, S2, 10
M2, 30, C10, S3, 23
M2, 30, C10, S4, 84
M2, 30, C10, S5, 93
M2, 30, C10, S6, 99
M2, 30, C10, S7, 84
M2, 30, C10, S8, 85
M2, 30, C10, S9, 24
M2, 30, C10, S10, 17
M2, 30, C10, S11, 64
M2, 30, C10, S12, 16
M2, 30, C10, S13, 99
M2, 30, C10, S14, 72
M2, 30, C10, S15, 6
M2, 30, C10, S16, 16
M2, 30, C10, S17, 55
M2, 30, C10, S18, 35
M2, 30, C10, S19, 5
M2, 30, C10, S20, 98
M2, 30, C10, S21, 85
M2, 30, C10, S22, 71
M2, 30, C10, S23, 93
M2, 30, C10, S24, 90
M2, 30, C10, S25, 44
M2, 30, C10, S26, 34
M2, 30, C10, S27, 92
M2, 30, C10, S28, 18
M2, 30, C10, S29, 8
M2, 30, C10, S30, 61
M2, 30, C10, S31, 42
M2, 30, C10, S32, 41
M2, 30, C10, S33, 11
M2, 30, C10, S34, 99
M2, 30, C10, S35, 86
M2, 30, C10, S36, 17
M2, 30, C10, S37, 0
M2, 30, C10, S38, 3
M2, 30, C10, S39, 57
M2, 30, C10, S40, 11
M2, 30, C10, S41, 64
M2, 30, C10, S42, 19
M2, 30, C10, S43, 50
M2, 30, C10, S44, 82
M2, 30, C10, S45, 60
M2, 30, C10, S46, 8
M2, 30, C10, S47, 28
M2, 30, C10, S48, 1
M2, 30, C10, S49, 33
M2, 30, C10, S50, 19
M2, 30, C10, S51, 61
M2, 30, C10, S52, 39
M2, 30, C11, S1, 36
M2, 30, C11, S2, 1
M2, 30, C11, S3, 80
M2, 30, C11, S4, 80
M2, 30, C11, S5, 31
M2, 30, C11, S6, 91
M2, 30, C11, S7, 6
M2, 30, C11, S8, 1
M2, 30, C11, S9, 26
M2, 30, C11, S10, 62
M2, 30, C11, S11, 29
M2, 30, C11, S12, 9
M2, 30, C11, S13, 20
M2, 30, C11, S14, 71
M2, 30, C11, S15, 28
M2, 30, C11, S16, 24
M2, 30, C11, S17, 54
M2, 30, C11, S18, 64
M2, 30, C11, S19, 2
M2, 30, C11, S20, 71
M2, 30, C11, S21, 46
M2, 30, C11, S22, 90
M2, 30, C11, S23, 75
M2, 30, C11, S24, 41
M2, 30, C11, S25, 11
M2, 30, C11, S26, 57
M2, 30, C11, S27, 98
M2, 30, C11, S28, 22
M2, 30, C11, S29, 42
M2, 30, C11, S30, 79
M2, 30, C11, S31, 32
M2, 30, C11, S32, 14
M2, 30, C11, S33, 44
M2, 30, C11, S34, 69
M2, 30, C11, S35, 29
M2, 30, C11, S36, 23
M2, 30, C11, S37, 60
M2, 30, C11, S38, 87
M2, 30, C11, S39, 99
M2, 30, C11, S40, 13
M2, 30, C11, S41, 69
M2, 30, C11, S42, 79
M2, 30, C11, S43, 84
M2, 30, C11, S44, 22
M2, 30, C11, S45, 6
M2, 30, C11, S46, 53
M2, 30, C11, S47, 70
M2, 30, C11, S48, 73
M2, 30, C11, S49, 97
M2, 30, C11, S50, 41
M2, 30, C11, S51, 65
M2, 30, C11, S52, 65
M2, 30, C12, S1, 95
M2, 30, C12, S2, 59
M2, 30, C12, S3, 17
M2, 30, C12, S4, 64
M2, 30, C12, S5, 22
M2, 30, C12, S6, 96
M2, 30, C12, S7, 51
M2, 30, C12, S8, 24
M2, 30, C12, S9, 35
M2, 30, C12, S10, 91
M2, 30, C12, S11, 24
M2, 30, C12, S12, 44
M2, 30, C12, S13, 79
M2, 30, C12, S14, 97
M2, 30, C12, S15, 66
M2, 30, C12, S16, 94
M2, 30, C12, S17, 50
M2, 30, C12, S18, 39
M2, 30, C12, S19, 35
M2, 30, C12, S20, 96
M2, 30, C12, S21, 85
M2, 30, C12, S22, 98
M2, 30, C12, S23, 73
M2, 30, C12, S24, 51
M2, 30, C12, S25, 89
M2, 30, C12, S26, 73
M2, 30, C12, S27, 76
M2, 30, C12, S28, 81
M2, 30, C12, S29, 80
M2, 30, C12, S30, 22
M2, 30, C12, S31, 57
M2, 30, C12, S32, 66
M2, 30, C12, S33, 36
M2, 30, C12, S34, 66
M2, 30, C12, S35, 81
M2, 30, C12, S36, 45
M2, 30, C12, S37, 53
M2, 30, C12, S38, 90
M2, 30, C12, S39, 14
M2, 30, C12, S40, 67
M2, 30, C12, S41, 69
M2, 30, C12, S42, 66
M2, 30, C12, S43, 58
M2, 30, C12, S44, 81
M2, 30, C12, S45, 14
M2, 30, C12, S46, 0
M2, 30, C12, S47, 44
M2, 30, C12, S48, 65
M2, 30, C12, S49, 84
M2, 30, C12, S50, 71
M2, 30, C12, S51, 61
M2, 30, C12, S52, 97
M2, 30, C13, S1, 87
M2, 30, C13, S2, 63
M2, 30, C13, S3, 83
M2, 30, C13, S4, 70
M2, 30, C13, S5, 24
M2, 30, C13, S6, 93
M2, 30, C13, S7, 67
M2, 30, C13, S8, 2
M2, 30, C13, S9, 7
M2, 30, C13, S10, 14
M2, 30, C13, S11, 21
M2, 30, C13, S12, 17
M2, 30, C13, S13, 94
M2, 30, C13, S14, 74
M2, 30, C13, S15, 24
M2, 30, C13, S16, 78
M2, 30, C13, S17, 70
M2, 30, C13, S18, 43
M2, 30, C13, S19, 40
M2, 30, C13, S20, 87
M2, 30, C13, S21, 49
M2, 30, C13, S22, 36
M2, 30, C13, S23, 14
M2, 30, C13, S24, 7
M2, 30, C13, S25, 37
M2, 30, C13, S26, 18
M2, 30, C13, S27, 35
M2, 30, C13, S28, 18
M2, 30, C13, S29, 47
M2, 30, C13, S30, 45
M2, 30, C13, S31, 90
M2, 30, C13, S32, 49
M2, 30, C13, S33, 49
M2, 30, C13, S34, 29
M2, 30, C13, S35, 5
M2, 30, C13, S36, 3
M2, 30, C13, S37, 97
M2, 30, C13, S38, 58
M2, 30, C13, S39, 87
M2, 30, C13, S40, 87
M2, 30, C13, S41, 78
M2, 30, C13, S42, 34
M2, 30, C13, S43, 22
M2, 30, C13, S44, 66
M2, 30, C13, S45, 95
M2, 30, C13, S46, 31
M2, 30, C13, S47, 67
M2, 30, C13, S48, 55
M2, 30, C13, S49, 46
M2, 30, C13, S50, 12
M2, 30, C13, S51, 80
M2, 30, C13, S52, 65
M3, 25, C1, S1, 71
M3, 25, C1, S2, 7
M3, 25, C1, S3, 54
M3, 25, C1, S4, 58
M3, 25, C1, S5, 22
M3, 25, C1, S6, 45
M3, 25, C1, S7, 71
M3, 25, C1, S8, 10
M3, 25, C1, S9, 25
M3, 25, C1, S10, 0
M3, 25, C1, S11, 88
M3, 25, C1, S12, 62
M3, 25, C1, S13, 56
M3, 25, C1, S14, 0
M3, 25, C1, S15, 8
M3, 25, C1, S16, 4
M3, 25, C1, S17, 9
M3, 25, C1, S18, 10
M3, 25, C1, S19, 23
M3, 25, C1, S20, 45
M3, 25, C1, S21, 84
M3, 25, C1, S22, 94
M3, 25, C1, S23, 82
M3, 25, C1, S24, 56
M3, 25, C1, S25, 40
M3, 25, C1, S26, 13
M3, 25, C1, S27, 6
M3, 25, C1, S28, 27
M3, 25, C1, S29, 78
M3, 25, C1, S30, 86
M3, 25, C1, S31, 76
M3, 25, C1, S32, 76
M3, 25, C1, S33, 78
M3, 25, C1, S34, 75
M3, 25, C1, S35, 86
M3, 25, C1, S36, 70
M3, 25, C1, S37, 97
M3, 25, C1, S38, 45
M3, 25, C1, S39, 87
M3, 25, C1, S40, 62
M3, 25, C1, S41, 99
M3, 25, C1, S42, 43
M3, 25, C1, S43, 65
M3, 25, C1, S44, 93
M3, 25, C1, S45, 37
M3, 25, C1, S46, 77
M3, 25, C1, S47, 57
M3, 25, C1, S48, 7
M3, 25, C1, S49, 62
M3, 25, C1, S50, 14
M3, 25, C1, S51, 43
M3, 25, C1, S52, 38
M3, 25, C2, S1, 47
M3, 25, C2, S2, 1
M3, 25, C2, S3, 24
M3, 25, C2, S4, 7
M3, 25, C2, S5, 47
M3, 25, C2, S6, 33
M3, 25, C2, S7, 49
M3, 25, C2, S8, 46
M3, 25, C2, S9, 72
M3, 25, C2, S10, 72
M3, 25, C2, S11, 23
M3, 25, C2, S12, 23
M3, 25, C2, S13, 46
M3, 25, C2, S14, 98
M3, 25, C2, S15, 91
M3, 25, C2, S16, 89
M3, 25, C2, S17, 90
M3, 25, C2, S18, 73
M3, 25, C2, S19, 89
M3, 25, C2, S20, 89
M3, 25, C2, S21, 58
M3, 25, C2, S22, 66
M3, 25, C2, S23, 86
M3, 25, C2, S24, 2
M3, 25, C2, S25, 84
M3, 25, C2, S26, 6
M3, 25, C2, S27, 93
M3, 25, C2, S28, 35
M3, 25, C2, S29, 64
M3, 25, C2, S30, 34
M3, 25, C2, S31, 6
M3, 25, C2, S32, 1
M3, 25, C2, S33, 48
M3, 25, C2, S34, 62
M3, 25, C2, S35, 6
M3, 25, C2, S36, 22
M3, 25, C2, S37, 25
M3, 25, C2, S38, 2
M3, 25, C2, S39, 71
M3, 25, C2, S40, 12
M3, 25, C2, S41, 94
M3, 25, C2, S42, 60
M3, 25, C2, S43, 35
M3, 25, C2, S44, 81
M3, 25, C2, S45, 23
M3, 25, C2, S46, 85
M3, 25, C2, S47, 18
M3, 25, C2, S48, 44
M3, 25, C2, S49, 80
M3, 25, C2, S50, 69
M3, 25, C2, S51, 82
M3, 25, C2, S52, 19
M3, 25, C3, S1, 56
M3, 25, C3, S2, 14
M3, 25, C3, S3, 53
M3, 25, C3, S4, 19
M3, 25, C3, S5, 85
M3, 25, C3, S6, 20
M3, 25, C3, S7, 48
M3, 25, C3, S8, 40
M3, 25, C3, S9, 98
M3, 25, C3, S10, 15
M3, 25, C3, S11, 81
M3, 25, C3, S12, 11
M3, 25, C3, S13, 40
M3, 25, C3, S14, 25
M3, 25, C3, S15, 8
M3, 25, C3, S16, 66
M3, 25, C3, S17, 4
M3, 25, C3, S18, 47
M3, 25, C3, S19, 62
M3, 25, C3, S20, 93
M3, 25, C3, S21, 57
M3, 25, C3, S22, 76
M3, 25, C3, S23, 7
M3, 25, C3, S24, 72
M3, 25, C3, S25, 34
M3, 25, C3, S26, 72
M3, 25, C3, S27, 90
M3, 25, C3, S28, 53
M3, 25, C3, S29, 23
M3, 25, C3, S30, 34
M3, 25, C3, S31, 13
M3, 25, C3, S32, 37
M3, 25, C3, S33, 26
M3, 25, C3, S34, 60
M3, 25, C3, S35, 53
M3, 25, C3, S36, 5
M3, 25, C3, S37, 26
M3, 25, C3, S38, 80
M3, 25, C3, S39, 66
M3, 25, C3, S40, 38
M3, 25, C3, S41, 81
M3, 25, C3, S42, 8
M3, 25, C3, S43, 39
M3, 25, C3, S44, 52
M3, 25, C3, S45, 29
M3, 25, C3, S46, 92
M3, 25, C3, S47, 47
M3, 25, C3, S48, 53
M3, 25, C3, S49, 5
M3, 25, C3, S50, 49
M3, 25, C3, S51, 73
M3, 25, C3, S52, 22
M3, 25, C4, S1, 41
M3, 25, C4, S2, 15
M3, 25, C4, S3, 20
M3, 25, C4, S4, 22
M3, 25, C4, S5, 62
M3, 25, C4, S6, 45
M3, 25, C4, S7, 11
M3, 25, C4, S8, 81
M3, 25, C4, S9, 93
M3, 25, C4, S10, 95
M3, 25, C4, S11, 46
M3, 25, C4, S12, 21
M3, 25, C4, S13, 0
M3, 25, C4, S14, 47
M3, 25, C4, S15, 9
M3, 25, C4, S16, 8
M3, 25, C4, S17, 26
M3, 25, C4, S18, 70
M3, 25, C4, S19, 8
M3, 25, C4, S20, 79
M3, 25, C4, S21, 27
M3, 25, C4, S22, 24
M3, 25, C4, S23, 8
M3, 25, C4, S24, 4
M3, 25, C4, S25, 91
M3, 25, C4, S26, 89
M3, 25, C4, S27, 29
M3, 25, C4, S28, 15
M3, 25, C4, S29, 65
M3, 25, C4, S30, 13
M3, 25, C4, S31, 77
M3, 25, C4, S32, 88
M3, 25, C4, S33, 4
M3, 25, C4, S34, 80
M3, 25, C4, S35, 4
M3, 25, C4, S36, 28
M3, 25, C4, S37, 15
M3, 25, C4, S38, 91
M3, 25, C4, S39, 96
M3, 25, C4, S40, 86
M3, 25, C4, S41, 11
M3, 25, C4, S42, 43
M3, 25, C4, S43, 43
M3, 25, C4, S44, 33
M3, 25, C4, S45, 79
M3, 25, C4, S46, 18
M3, 25, C4, S47, 34
M3, 25, C4, S48, 61
M3, 25, C4, S49, 90
M3, 25, C4, S50, 78
M3, 25, C4, S51, 42
M3, 25, C4, S52, 31
M3, 25, C5, S1, 57
M3, 25, C5, S2, 18
M3, 25, C5, S3, 5
M3, 25, C5, S4, 34
M3, 25, C5, S5, 36
M3, 25, C5, S6, 6
M3, 25, C5, S7, 90
M3, 25, C5, S8, 58
M3, 25, C5, S9, 66
M3, 25, C5, S10, 28
M3, 25, C5, S11, 22
M3, 25, C5, S12, 23
M3, 25, C5, S13, 6
M3, 25, C5, S14, 79
M3, 25, C5, S15, 3
M3, 25, C5, S16, 87
M3, 25, C5, S17, 21
M3, 25, C5, S18, 19
M3, 25, C5, S19, 48
M3, 25, C5, S20, 96
M3, 25, C5, S21, 33
M3, 25, C5, S22, 98
M3, 25, C5, S23, 9
M3, 25, C5, S24, 12
M3, 25, C5, S25, 95
M3, 25, C5, S26, 71
M3, 25, C5, S27, 20
M3, 25, C5, S28, 59
M3, 25, C5, S29, 54
M3, 25, C5, S30, 87
M3, 25, C5, S31, 5
M3, 25, C5, S32, 0
M3, 25, C5, S33, 77
M3, 25, C5, S34, 53
M3, 25, C5, S35, 83
M3, 25, C5, S36, 13
M3, 25, C5, S37, 71
M3, 25, C5, S38, 86
M3, 25, C5, S39, 58
M3, 25, C5, S40, 25
M3, 25, C5, S41, 20
M3, 25, C5, S42, 34
M3, 25, C5, S43, 17
M3, 25, C5, S44, 92
M3, 25, C5, S45, 92
M3, 25, C5, S46, 12
M3, 25, C5, S47, 58
M3, 25, C5, S48, 60
M3, 25, C5, S49, 92
M3, 25, C5, S50, 95
M3, 25, C5, S51, 58
M3, 25, C5, S52, 53
M3, 25, C6, S1, 68
M3, 25, C6, S2, 79
M3, 25, C6, S3, 57
M3, 25, C6, S4, 57
M3, 25, C6, S5, 3
M3, 25, C6, S6, 5
M3, 25, C6, S7, 8
M3, 25, C6, S8, 31
M3, 25, C6, S9, 83
M3, 25, C6, S10, 1
M3, 25, C6, S11, 65
M3, 25, C6, S12, 57
M3, 25, C6, S13, 92
M3, 25, C6, S14, 24
M3, 25, C6, S15, 78
M3, 25, C6, S16, 53
M3, 25, C6, S17, 95
M3, 25, C6, S18, 29
M3, 25, C6, S19, 45
M3, 25, C6, S20, 67
M3, 25, C6, S21, 38
M3, 25, C6, S22, 62
M3, 25, C6, S23, 65
M3, 25, C6, S24, 86
M3, 25, C6, S25, 83
M3, 25, C6, S26, 59
M3, 25, C6, S27, 77
M3, 25, C6, S28, 65
M3, 25, C6, S29, 85
M3, 25, C6, S30, 63
M3, 25, C6, S31, 70
M3, 25, C6, S32, 14
M3, 25, C6, S33, 45
M3, 25, C6, S34, 17
M3, 25, C6, S35, 49
M3, 25, C6, S36, 2
M3, 25, C6, S37, 38
M3, 25, C6, S38, 16
M3, 25, C6, S39, 40
M3, 25, C6, S40, 64
M3, 25, C6, S41, 70
M3, 25, C6, S42, 47
M3, 25, C6, S43, 29
M3, 25, C6, S44, 56
M3, 25, C6, S45, 16
M3, 25, C6, S46, 89
M3, 25, C6, S47, 33
M3, 25, C6, S48, 94
M3, 25, C6, S49, 39
M3, 25, C6, S50, 12
M3, 25, C6, S51, 50
M3, 25, C6, S52, 0
M3, 25, C7, S1, 65
M3, 25, C7, S2, 95
M3, 25, C7, S3, 85
M3, 25, C7, S4, 46
M3, 25, C7, S5, 22
M3, 25, C7, S6, 40
M3, 25, C7, S7, 57
M3, 25, C7, S8, 95
M3, 25, C7, S9, 20
M3, 25, C7, S10, 20
M3, 25, C7, S11, 33
M3, 25, C7, S12, 12
M3, 25, C7, S13, 69
M3, 25, C7, S14, 11
M3, 25, C7, S15, 89
M3, 25, C7, S16, 35
M3, 25, C7, S17, 3
M3, 25, C7, S18, 23
M3, 25, C7, S19, 64
M3, 25, C7, S20, 57
M3, 25, C7, S21, 42
M3, 25, C7, S22, 92
M3, 25, C7, S23, 78
M3, 25, C7, S24, 72
M3, 25, C7, S25, 80
M3, 25, C7, S26, 87
M3, 25, C7, S27, 60
M3, 25, C7, S28, 6
M3, 25, C7, S29, 21
M3, 25, C7, S30, 97
M3, 25, C7, S31, 52
M3, 25, C7, S32, 80
M3, 25, C7, S33, 7
M3, 25, C7, S34, 53
M3, 25, C7, S35, 31
M3, 25, C7, S36, 11
M3, 25, C7, S37, 18
M3, 25, C7, S38, 65
M3, 25, C7, S39, 15
M3, 25, C7, S40, 22
M3, 25, C7, S41, 0
M3, 25, C7, S42, 24
M3, 25, C7, S43, 65
M3, 25, C7, S44, 18
M3, 25, C7, S45, 77
M3, 25, C7, S46, 6
M3, 25, C7, S47, 98
M3, 25, C7, S48, 54
M3, 25, C7, S49, 85
M3, 25, C7, S50, 43
M3, 25, C7, S51, 76
M3, 25, C7, S52, 33
M3, 25, C8, S1, 53
M3, 25, C8, S2, 94
M3, 25, C8, S3, 6
M3, 25, C8, S4, 0
M3, 25, C8, S5, 96
M3, 25, C8, S6, 4
M3, 25, C8, S7, 63
M3, 25, C8, S8, 95
M3, 25, C8, S9, 77
M3, 25, C8, S10, 26
M3, 25, C8, S11, 93
M3, 25, C8, S12, 6
M3, 25, C8, S13, 60
M3, 25, C8, S14, 73
M3, 25, C8, S15, 0
M3, 25, C8, S16, 36
M3, 25, C8, S17, 39
M3, 25, C8, S18, 42
M3, 25, C8, S19, 4
M3, 25, C8, S20, 38
M3, 25, C8, S21, 1
M3, 25, C8, S22, 45
M3, 25, C8, S23, 22
M3, 25, C8, S24, 62
M3, 25, C8, S25, 48
M3, 25, C8, S26, 97
M3, 25, C8, S27, 28
M3, 25, C8, S28, 77
M3, 25, C8, S29, 30
M3, 25, C8, S30, 48
M3, 25, C8, S31, 72
M3, 25, C8, S32, 20
M3, 25, C8, S33, 7
M3, 25, C8, S34, 35
M3, 25, C8, S35, 67
M3, 25, C8, S36, 12
M3, 25, C8, S37, 93
M3, 25, C8, S38, 78
M3, 25, C8, S39, 95
M3, 25, C8, S40, 58
M3, 25, C8, S41, 81
M3, 25, C8, S42, 52
M3, 25, C8, S43, 78
M3, 25, C8, S44, 89
M3, 25, C8, S45, 11
M3, 25, C8, S46, 19
M3, 25, C8, S47, 57
M3, 25, C8, S48, 62
M3, 25, C8, S49, 76
M3, 25, C8, S50, 39
M3, 25, C8, S51, 84
M3, 25, C8, S52, 47
M3, 25, C9, S1, 33
M3, 25, C9, S2, 92
M3, 25, C9, S3, 36
M3, 25, C9, S4, 84
M3, 25, C9, S5, 26
M3, 25, C9, S6, 68
M3, 25, C9, S7, 74
M3, 25, C9, S8, 69
M3, 25, C9, S9, 81
M3, 25, C9, S10, 53
M3, 25, C9, S11, 28
M3, 25, C9, S12, 74
M3, 25, C9, S13, 70
M3, 25, C9, S14, 2
M3, 25, C9, S15, 81
M3, 25, C9, S16, 65
M3, 25, C9, S17, 70
M3, 25, C9, S18, 6
M3, 25, C9, S19, 84
M3, 25, C9, S20, 9
M3, 25, C9, S21, 74
M3, 25, C9, S22, 55
M3, 25, C9, S23, 23
M3, 25, C9, S24, 89
M3, 25, C9, S25, 53
M3, 25, C9, S26, 52
M3, 25, C9, S27, 78
M3, 25, C9, S28, 64
M3, 25, C9, S29, 20
M3, 25, C9, S30, 89
M3, 25, C9, S31, 60
M3, 25, C9, S32, 33
M3, 25, C9, S33, 2
M3, 25, C9, S34, 5
M3, 25, C9, S35, 13
M3, 25, C9, S36, 17
M3, 25, C9, S37, 71
M3, 25, C9, S38, 65
M3, 25, C9, S39, 67
M3, 25, C9, S40, 89
M3, 25, C9, S41, 50
M3, 25, C9, S42, 97
M3, 25, C9, S43, 33
M3, 25, C9, S44, 30
M3, 25, C9, S45, 76
M3, 25, C9, S46, 15
M3, 25, C9, S47, 32
M3, 25, C9, S48, 36
M3, 25, C9, S49, 89
M3, 25, C9, S50, 12
M3, 25, C9, S51, 41
M3, 25, C9, S52, 76
M3, 25, C10, S1, 19
M3, 25, C10, S2, 9
M3, 25, C10, S3, 89
M3, 25, C10, S4, 49
M3, 25, C10, S5, 41
M3, 25, C10, S6, 52
M3, 25, C10, S7, 31
M3, 25, C10, S8, 43
M3, 25, C10, S9, 95
M3, 25, C10, S10, 92
M3, 25, C10, S11, 51
M3, 25, C10, S12, 33
M3, 25, C10, S13, 66
M3, 25, C10, S14, 4
M3, 25, C10, S15, 17
M3, 25, C10, S16, 89
M3, 25, C10, S17, 82
M3, 25, C10, S18, 58
M3, 25, C10, S19, 81
M3, 25, C10, S20, 5
M3, 25, C10, S21, 66
M3, 25, C10, S22, 25
M3, 25, C10, S23, 92
M3, 25, C10, S24, 81
M3, 25, C10, S25, 83
M3, 25, C10, S26, 28
M3, 25, C10, S27, 60
M3, 25, C10, S28, 68
M3, 25, C10, S29, 24
M3, 25, C10, S30, 61
M3, 25, C10, S31, 49
M3, 25, C10, S32, 68
M3, 25, C10, S33, 35
M3, 25, C10, S34, 26
M3, 25, C10, S35, 45
M3, 25, C10, S36, 66
M3, 25, C10, S37, 12
M3, 25, C10, S38, 65
M3, 25, C10, S39, 72
M3, 25, C10, S40, 9
M3, 25, C10, S41, 68
M3, 25, C10, S42, 92
M3, 25, C10, S43, 67
M3, 25, C10, S44, 39
M3, 25, C10, S45, 43
M3, 25, C10, S46, 62
M3, 25, C10, S47, 63
M3, 25, C10, S48, 2
M3, 25, C10, S49, 78
M3, 25, C10, S50, 70
M3, 25, C10, S51, 54
M3, 25, C10, S52, 16
M3, 25, C11, S1, 7
M3, 25, C11, S2, 27
M3, 25, C11, S3, 89
M3, 25, C11, S4, 95
M3, 25, C11, S5, 31
M3, 25, C11, S6, 1
M3, 25, C11, S7, 74
M3, 25, C11, S8, 45
M3, 25, C11, S9, 10
M3, 25, C11, S10, 10
M3, 25, C11, S11, 99
M3, 25, C11, S12, 24
M3, 25, C11, S13, 31
M3, 25, C11, S14, 23
M3, 25, C11, S15, 10
M3, 25, C11, S16, 57
M3, 25, C11, S17, 35
M3, 25, C11, S18, 66
M3, 25, C11, S19, 36
M3, 25, C11, S20, 15
M3, 25, C11, S21, 16
M3, 25, C11, S22, 23
M3, 25, C11, S23, 92
M3, 25, C11, S24, 69
M3, 25, C11, S25, 62
M3, 25, C11, S26, 16
M3, 25, C11, S27, 5
M3, 25, C11, S28, 0
M3, 25, C11, S29, 18
M3, 25, C11, S30, 20
M3, 25, C11, S31, 97
M3, 25, C11, S32, 36
M3, 25, C11, S33, 98
M3, 25, C11, S34, 72
M3, 25, C11, S35, 95
M3, 25, C11, S36, 48
M3, 25, C11, S37, 63
M3, 25, C11, S38, 95
M3, 25, C11, S39, 16
M3, 25, C11, S40, 46
M3, 25, C11, S41, 51
M3, 25, C11, S42, 79
M3, 25, C11, S43, 12
M3, 25, C11, S44, 79
M3, 25, C11, S45, 21
M3, 25, C11, S46, 27
M3, 25, C11, S47, 97
M3, 25, C11, S48, 14
M3, 25, C11, S49, 91
M3, 25, C11, S50, 9
M3, 25, C11, S51, 90
M3, 25, C11, S52, 93
M3, 25, C12, S1, 59
M3, 25, C12, S2, 77
M3, 25, C12, S3, 48
M3, 25, C12, S4, 2
M3, 25, C12, S5, 62
M3, 25, C12, S6, 87
M3, 25, C12, S7, 98
M3, 25, C12, S8, 82
M3, 25, C12, S9, 92
M3, 25, C12, S10, 40
M3, 25, C12, S11, 36
M3, 25, C12, S12, 78
M3, 25, C12, S13, 63
M3, 25, C12, S14, 98
M3, 25, C12, S15, 19
M3, 25, C12, S16, 80
M3, 25, C12, S17, 19
M3, 25, C12, S18, 55
M3, 25, C12, S19, 63
M3, 25, C12, S20, 67
M3, 25, C12, S21, 26
M3, 25, C12, S22, 72
M3, 25, C12, S23, 86
M3, 25, C12, S24, 14
M3, 25, C12, S25, 28
M3, 25, C12, S26, 2
M3, 25, C12, S27, 25
M3, 25, C12, S28, 42
M3, 25, C12, S29, 13
M3, 25, C12, S30, 36
M3, 25, C12, S31, 34
M3, 25, C12, S32, 0
M3, 25, C12, S33, 40
M3, 25, C12, S34, 63
M3, 25, C12, S35, 27
M3, 25, C12, S36, 32
M3, 25, C12, S37, 86
M3, 25, C12, S38, 66
M3, 25, C12, S39, 26
M3, 25, C12, S40, 21
M3, 25, C12, S41, 99
M3, 25, C12, S42, 31
M3, 25, C12, S43, 78
M3, 25, C12, S44, 78
M3, 25, C12, S45, 18
M3, 25, C12, S46, 96
M3, 25, C12, S47, 78
M3, 25, C12, S48, 99
M3, 25, C12, S49, 37
M3, 25, C12, S50, 35
M3, 25, C12, S51, 70
M3, 25, C12, S52, 93
M3, 25, C13, S1, 3
M3, 25, C13, S2, 48
M3, 25, C13, S3, 65
M3, 25, C13, S4, 15
M3, 25, C13, S5, 63
M3, 25, C13, S6, 46
M3, 25, C13, S7, 36
M3, 25, C13, S8, 70
M3, 25, C13, S9, 2
M3, 25, C13, S10, 36
M3, 25, C13, S11, 57
M3, 25, C13, S12, 9
M3, 25, C13, S13, 36
M3, 25, C13, S14, 52
M3, 25, C13, S15, 46
M3, 25, C13, S16, 41
M3, 25, C13, S17, 46
M3, 25, C13, S18, 34
M3, 25, C13, S19, 59
M3, 25, C13, S20, 80
M3, 25, C13, S21, 91
M3, 25, C13, S22, 52
M3, 25, C13, S23, 38
M3, 25, C13, S24, 91
M3, 25, C13, S25, 73
M3, 25, C13, S26, 85
M3, 25, C13, S27, 3
M3, 25, C13, S28, 57
M3, 25, C13, S29, 60
M3, 25, C13, S30, 80
M3, 25, C13, S31, 54
M3, 25, C13, S32, 19
M3, 25, C13, S33, 97
M3, 25, C13, S34, 84
M3, 25, C13, S35, 56
M3, 25, C13, S36, 58
M3, 25, C13, S37, 0
M3, 25, C13, S38, 82
M3, 25, C13, S39, 99
M3, 25, C13, S40, 67
M3, 25, C13, S41, 15
M3, 25, C13, S42, 18
M3, 25, C13, S43, 81
M3, 25, C13, S44, 95
M3, 25, C13, S45, 9
M3, 25, C13, S46, 56
M3, 25, C13, S47, 27
M3, 25, C13, S48, 40
M3, 25, C13, S49, 91
M3, 25, C13, S50, 84
M3, 25, C13, S51, 21
M3, 25, C13, S52, 66
M4, 18, C1, S1, 67
M4, 18, C1, S2, 6
M4, 18, C1, S3, 70
M4, 18, C1, S4, 75
M4, 18, C1, S5, 79
M4, 18, C1, S6, 65
M4, 18, C1, S7, 60
M4, 18, C1, S8, 54
M4, 18, C1, S9, 62
M4, 18, C1, S10, 70
M4, 18, C1, S11, 91
M4, 18, C1, S12, 60
M4, 18, C1, S13, 99
M4, 18, C1, S14, 44
M4, 18, C1, S15, 25
M4, 18, C1, S16, 10
M4, 18, C1, S17, 23
M4, 18, C1, S18, 56
M4, 18, C1, S19, 1
M4, 18, C1, S20, 28
M4, 18, C1, S21, 71
M4, 18, C1, S22, 83
M4, 18, C1, S23, 33
M4, 18, C1, S24, 6
M4, 18, C1, S25, 96
M4, 18, C1, S26, 24
M4, 18, C1, S27, 84
M4, 18, C1, S28, 69
M4, 18, C1, S29, 27
M4, 18, C1, S30, 76
M4, 18, C1, S31, 38
M4, 18, C1, S32, 14
M4, 18, C1, S33, 12
M4, 18, C1, S34, 7
M4, 18, C1, S35, 90
M4, 18, C1, S36, 60
M4, 18, C1, S37, 99
M4, 18, C1, S38, 40
M4, 18, C1, S39, 82
M4, 18, C1, S40, 43
M4, 18, C1, S41, 86
M4, 18, C1, S42, 73
M4, 18, C1, S43, 92
M4, 18, C1, S44, 74
M4, 18, C1, S45, 76
M4, 18, C1, S46, 78
M4, 18, C1, S47, 48
M4, 18, C1, S48, 42
M4, 18, C1, S49, 13
M4, 18, C1, S50, 20
M4, 18, C1, S51, 50
M4, 18, C1, S52, 33
M4, 18, C2, S1, 66
M4, 18, C2, S2, 69
M4, 18, C2, S3, 77
M4, 18, C2, S4, 50
M4, 18, C2, S5, 88
M4, 18, C2, S6, 81
M4, 18, C2, S7, 59
M4, 18, C2, S8, 36
M4, 18, C2, S9, 47
M4, 18, C2, S10, 38
M4, 18, C2, S11, 33
M4, 18, C2, S12, 84
M4, 18, C2, S13, 0
M4, 18, C2, S14, 87
M4, 18, C2, S15, 17
M4, 18, C2, S16, 67
M4, 18, C2, S17, 42
M4, 18, C2, S18, 76
M4, 18, C2, S19, 52
M4, 18, C2, S20, 66
M4, 18, C2, S21, 35
M4, 18, C2, S22, 78
M4, 18, C2, S23, 97
M4, 18, C2, S24, 25
M4, 18, C2, S25, 2
M4, 18, C2, S26, 59
M4, 18, C2, S27, 78
M4, 18, C2, S28, 83
M4, 18, C2, S29, 35
M4, 18, C2, S30, 27
M4, 18, C2, S31, 48
M4, 18, C2, S32, 67
M4, 18, C2, S33, 38
M4, 18, C2, S34, 95
M4, 18, C2, S35, 35
M4, 18, C2, S36, 35
M4, 18, C2, S37, 74
M4, 18, C2, S38, 44
M4, 18, C2, S39, 86
M4, 18, C2, S40, 61
M4, 18, C2, S41, 36
M4, 18, C2, S42, 26
M4, 18, C2, S43, 9
M4, 18, C2, S44, 43
M4, 18, C2, S45, 39
M4, 18, C2, S46, 13
M4, 18, C2, S47, 11
M4, 18, C2, S48, 64
M4, 18, C2, S49, 34
M4, 18, C2, S50, 41
M4, 18, C2, S51, 19
M4, 18, C2, S52, 39
M4, 18, C3, S1, 44
M4, 18, C3, S2, 2
M4, 18, C3, S3, 81
M4, 18, C3, S4, 41
M4, 18, C3, S5, 67
M4, 18, C3, S6, 69
M4, 18, C3, S7, 54
M4, 18, C3, S8, 5
M4, 18, C3, S9, 18
M4, 18, C3, S10, 84
M4, 18, C3, S11, 65
M4, 18, C3, S12, 92
M4, 18, C3, S13, 90
M4, 18, C3, S14, 89
M4, 18, C3, S15, 55
M4, 18, C3, S16, 60
M4, 18, C3, S17, 74
M4, 18, C3, S18, 91
M4, 18, C3, S19, 91
M4, 18, C3, S20, 76
M4, 18, C3, S21, 14
M4, 18, C3, S22, 3
M4, 18, C3, S23, 44
M4, 18, C3, S24, 26
M4, 18, C3, S25, 39
M4, 18, C3, S26, 61
M4, 18, C3, S27, 13
M4, 18, C3, S28, 57
M4, 18, C3, S29, 35
M4, 18, C3, S30, 44
M4, 18, C3, S31, 97
M4, 18, C3, S32, 85
M4, 18, C3, S33, 35
M4, 18, C3, S34, 82
M4, 18, C3, S35, 6
M4, 18, C3, S36, 68
M4, 18, C3, S37, 31
M4, 18, C3, S38, 98
M4, 18, C3, S39, 59
M4, 18, C3, S40, 66
M4, 18, C3, S41, 95
M4, 18, C3, S42, 14
M4, 18, C3, S43, 86
M4, 18, C3, S44, 40
M4, 18, C3, S45, 25
M4, 18, C3, S46, 7
M4, 18, C3, S47, 12
M4, 18, C3, S48, 84
M4, 18, C3, S49, 69
M4, 18, C3, S50, 77
M4, 18, C3, S51, 24
M4, 18, C3, S52, 87
M4, 18, C4, S1, 48
M4, 18, C4, S2, 5
M4, 18, C4, S3, 28
M4, 18, C4, S4, 44
M4, 18, C4, S5, 25
M4, 18, C4, S6, 8
M4, 18, C4, S7, 19
M4, 18, C4, S8, 78
M4, 18, C4, S9, 89
M4, 18, C4, S10, 51
M4, 18, C4, S11, 44
M4, 18, C4, S12, 7
M4, 18, C4, S13, 8
M4, 18, C4, S14, 67
M4, 18, C4, S15, 55
M4, 18, C4, S16, 60
M4, 18, C4, S17, 9
M4, 18, C4, S18, 96
M4, 18, C4, S19, 65
M4, 18, C4, S20, 62
M4, 18, C4, S21, 70
M4, 18, C4, S22, 33
M4, 18, C4, S23, 68
M4, 18, C4, S24, 96
M4, 18, C4, S25, 1
M4, 18, C4, S26, 76
M4, 18, C4, S27, 27
M4, 18, C4, S28, 59
M4, 18, C4, S29, 50
M4, 18, C4, S30, 20
M4, 18, C4, S31, 63
M4, 18, C4, S32, 44
M4, 18, C4, S33, 25
M4, 18, C4, S34, 41
M4, 18, C4, S35, 73
M4, 18, C4, S36, 45
M4, 18, C4, S37, 46
M4, 18, C4, S38, 21
M4, 18, C4, S39, 93
M4, 18, C4, S40, 36
M4, 18, C4, S41, 19
M4, 18, C4, S42, 2
M4, 18, C4, S43, 66
M4, 18, C4, S44, 48
M4, 18, C4, S45, 90
M4, 18, C4, S46, 44
M4, 18, C4, S47, 68
M4, 18, C4, S48, 5
M4, 18, C4, S49, 78
M4, 18, C4, S50, 35
M4, 18, C4, S51, 9
M4, 18, C4, S52, 5
M4, 18, C5, S1, 79
M4, 18, C5, S2, 29
M4, 18, C5, S3, 99
M4, 18, C5, S4, 23
M4, 18, C5, S5, 79
M4, 18, C5, S6, 10
M4, 18, C5, S7, 77
M4, 18, C5, S8, 45
M4, 18, C5, S9, 86
M4, 18, C5, S10, 64
M4, 18, C5, S11, 15
M4, 18, C5, S12, 46
M4, 18, C5, S13, 14
M4, 18, C5, S14, 1
M4, 18, C5, S15, 9
M4, 18, C5, S16, 34
M4, 18, C5, S17, 87
M4, 18, C5, S18, 97
M4, 18, C5, S19, 33
M4, 18, C5, S20, 20
M4, 18, C5, S21, 23
M4, 18, C5, S22, 11
M4, 18, C5, S23, 22
M4, 18, C5, S24, 3
M4, 18, C5, S25, 96
M4, 18, C5, S26, 38
M4, 18, C5, S27, 1
M4, 18, C5, S28, 1
M4, 18, C5, S29, 30
M4, 18, C5, S30, 89
M4, 18, C5, S31, 67
M4, 18, C5, S32, 28
M4, 18, C5, S33, 5
M4, 18, C5, S34, 3
M4, 18, C5, S35, 2
M4, 18, C5, S36, 44
M4, 18, C5, S37, 25
M4, 18, C5, S38, 65
M4, 18, C5, S39, 47
M4, 18, C5, S40, 86
M4, 18, C5, S41, 43
M4, 18, C5, S42, 27
M4, 18, C5, S43, 70
M4, 18, C5, S44, 26
M4, 18, C5, S45, 89
M4, 18, C5, S46, 73
M4, 18, C5, S47, 66
M4, 18, C5, S48, 36
M4, 18, C5, S49, 49
M4, 18, C5, S50, 8
M4, 18, C5, S51, 93
M4, 18, C5, S52, 13
M4, 18, C6, S1, 58
M4, 18, C6, S2, 91
M4, 18, C6, S3, 66
M4, 18, C6, S4, 69
M4, 18, C6, S5, 99
M4, 18, C6, S6, 84
M4, 18, C6, S7, 42
M4, 18, C6, S8, 60
M4, 18, C6, S9, 48
M4, 18, C6, S10, 85
M4, 18, C6, S11, 19
M4, 18, C6, S12, 53
M4, 18, C6, S13, 0
M4, 18, C6, S14, 39
M4, 18, C6, S15, 27
M4, 18, C6, S16, 71
M4, 18, C6, S17, 2
M4, 18, C6, S18, 31
M4, 18, C6, S19, 10
M4, 18, C6, S20, 67
M4, 18, C6, S21, 67
M4, 18, C6, S22, 21
M4, 18, C6, S23, 88
M4, 18, C6, S24, 97
M4, 18, C6, S25, 2
M4, 18, C6, S26, 43
M4, 18, C6, S27, 59
M4, 18, C6, S28, 79
M4, 18, C6, S29, 35
M4, 18, C6, S30, 79
M4, 18, C6, S31, 39
M4, 18, C6, S32, 92
M4, 18, C6, S33, 6
M4, 18, C6, S34, 15
M4, 18, C6, S35, 97
M4, 18, C6, S36, 95
M4, 18, C6, S37, 1
M4, 18, C6, S38, 92
M4, 18, C6, S39, 48
M4, 18, C6, S40, 63
M4, 18, C6, S41, 99
M4, 18, C6, S42, 5
M4, 18, C6, S43, 70
M4, 18, C6, S44, 69
M4, 18, C6, S45, 53
M4, 18, C6, S46, 37
M4, 18, C6, S47, 69
M4, 18, C6, S48, 42
M4, 18, C6, S49, 21
M4, 18, C6, S50, 67
M4, 18, C6, S51, 19
M4, 18, C6, S52, 92
M4, 18, C7, S1, 63
M4, 18, C7, S2, 0
M4, 18, C7, S3, 56
M4, 18, C7, S4, 32
M4, 18, C7, S5, 29
M4, 18, C7, S6, 46
M4, 18, C7, S7, 14
M4, 18, C7, S8, 31
M4, 18, C7, S9, 63
M4, 18, C7, S10, 82
M4, 18, C7, S11, 97
M4, 18, C7, S12, 79
M4, 18, C7, S13, 78
M4, 18, C7, S14, 17
M4, 18, C7, S15, 33
M4, 18, C7, S16, 91
M4, 18, C7, S17, 18
M4, 18, C7, S18, 65
M4, 18, C7, S19, 57
M4, 18, C7, S20, 80
M4, 18, C7, S21, 7
M4, 18, C7, S22, 77
M4, 18, C7, S23, 0
M4, 18, C7, S24, 63
M4, 18, C7, S25, 50
M4, 18, C7, S26, 19
M4, 18, C7, S27, 73
M4, 18, C7, S28, 77
M4, 18, C7, S29, 59
M4, 18, C7, S30, 90
M4, 18, C7, S31, 19
M4, 18, C7, S32, 52
M4, 18, C7, S33, 85
M4, 18, C7, S34, 7
M4, 18, C7, S35, 19
M4, 18, C7, S36, 46
M4, 18, C7, S37, 2
M4, 18, C7, S38, 55
M4, 18, C7, S39, 7
M4, 18, C7, S40, 1
M4, 18, C7, S41, 38
M4, 18, C7, S42, 5
M4, 18, C7, S43, 2
M4, 18, C7, S44, 9
M4, 18, C7, S45, 90
M4, 18, C7, S46, 30
M4, 18, C7, S47, 96
M4, 18, C7, S48, 35
M4, 18, C7, S49, 90
M4, 18, C7, S50, 41
M4, 18, C7, S51, 82
M4, 18, C7, S52, 76
M4, 18, C8, S1, 27
M4, 18, C8, S2, 14
M4, 18, C8, S3, 39
M4, 18, C8, S4, 17
M4, 18, C8, S5, 10
M4, 18, C8, S6, 18
M4, 18, C8, S7, 47
M4, 18, C8, S8, 65
M4, 18, C8, S9, 73
M4, 18, C8, S10, 87
M4, 18, C8, S11, 57
M4, 18, C8, S12, 27
M4, 18, C8, S13, 14
M4, 18, C8, S14, 38
M4, 18, C8, S15, 71
M4, 18, C8, S16, 92
M4, 18, C8, S17, 52
M4, 18, C8, S18, 30
M4, 18, C8, S19, 81
M4, 18, C8, S20, 98
M4, 18, C8, S21, 86
M4, 18, C8, S22, 15
M4, 18, C8, S23, 89
M4, 18, C8, S24, 79
M4, 18, C8, S25, 74
M4, 18, C8, S26, 17
M4, 18, C8, S27, 84
M4, 18, C8, S28, 73
M4, 18, C8, S29, 99
M4, 18, C8, S30, 58
M4, 18, C8, S31, 70
M4, 18, C8, S32, 2
M4, 18, C8, S33, 86
M4, 18, C8, S34, 70
M4, 18, C8, S35, 91
M4, 18, C8, S36, 44
M4, 18, C8, S37, 88
M4, 18, C8, S38, 95
M4, 18, C8, S39, 13
M4, 18, C8, S40, 31
M4, 18, C8, S41, 72
M4, 18, C8, S42, 67
M4, 18, C8, S43, 9
M4, 18, C8, S44, 12
M4, 18, C8, S45, 84
M4, 18, C8, S46, 85
M4, 18, C8, S47, 29
M4, 18, C8, S48, 71
M4, 18, C8, S49, 61
M4, 18, C8, S50, 41
M4, 18, C8, S51, 69
M4, 18, C8, S52, 11
M4, 18, C9, S1, 59
M4, 18, C9, S2, 62
M4, 18, C9, S3, 46
M4, 18, C9, S4, 19
M4, 18, C9, S5, 0
M4, 18, C9, S6, 84
M4, 18, C9, S7, 89
M4, 18, C9, S8, 76
M4, 18, C9, S9, 49
M4, 18, C9, S10, 43
M4, 18, C9, S11, 76
M4, 18, C9, S12, 41
M4, 18, C9, S13, 77
M4, 18, C9, S14, 27
M4, 18, C9, S15, 45
M4, 18, C9, S16, 88
M4, 18, C9, S17, 22
M4, 18, C9, S18, 79
M4, 18, C9, S19, 37
M4, 18, C9, S20, 64
M4, 18, C9, S21, 25
M4, 18, C9, S22, 56
M4, 18, C9, S23, 29
M4, 18, C9, S24, 72
M4, 18, C9, S25, 50
M4, 18, C9, S26, 48
M4, 18, C9, S27, 41
M4, 18, C9, S28, 70
M4, 18, C9, S29, 78
M4, 18, C9, S30, 97
M4, 18, C9, S31, 17
M4, 18, C9, S32, 47
M4, 18, C9, S33, 13
M4, 18, C9, S34, 82
M4, 18, C9, S35, 79
M4, 18, C9, S36, 26
M4, 18, C9, S37, 73
M4, 18, C9, S38, 53
M4, 18, C9, S39, 38
M4, 18, C9, S40, 6
M4, 18, C9, S41, 72
M4, 18, C9, S42, 46
M4, 18, C9, S43, 4
M4, 18, C9, S44, 28
M4, 18, C9, S45, 93
M4, 18, C9, S46, 38
M4, 18, C9, S47, 44
M4, 18, C9, S48, 45
M4, 18, C9, S49, 86
M4, 18, C9, S50, 85
M4, 18, C9, S51, 67
M4, 18, C9, S52, 35
M4, 18, C10, S1, 27
M4, 18, C10, S2, 10
M4, 18, C10, S3, 78
M4, 18, C10, S4, 49
M4, 18, C10, S5, 76
M4, 18, C10, S6, 53
M4, 18, C10, S7, 80
M4, 18, C10, S8, 44
M4, 18, C10, S9, 18
M4, 18, C10, S10, 58
M4, 18, C10, S11, 46
M4, 18, C10, S12, 76
M4, 18, C10, S13, 94
M4, 18, C10, S14, 93
M4, 18, C10, S15, 37
M4, 18, C10, S16, 72
M4, 18, C10, S17, 52
M4, 18, C10, S18, 16
M4, 18, C10, S19, 32
M4, 18, C10, S20, 87
M4, 18, C10, S21, 6
M4, 18, C10, S22, 70
M4, 18, C10, S23, 52
M4, 18, C10, S24, 70
M4, 18, C10, S25, 59
M4, 18, C10, S26, 49
M4, 18, C10, S27, 19
M4, 18, C10, S28, 15
M4, 18, C10, S29, 65
M4, 18, C10, S30, 68
M4, 18, C10, S31, 30
M4, 18, C10, S32, 30
M4, 18, C10, S33, 87
M4, 18, C10, S34, 40
M4, 18, C10, S35, 53
M4, 18, C10, S36, 37
M4, 18, C10, S37, 32
M4, 18, C10, S38, 92
M4, 18, C10, S39, 34
M4, 18, C10, S40, 75
M4, 18, C10, S41, 40
M4, 18, C10, S42, 57
M4, 18, C10, S43, 81
M4, 18, C10, S44, 96
M4, 18, C10, S45, 85
M4, 18, C10, S46, 99
M4, 18, C10, S47, 69
M4, 18, C10, S48, 41
M4, 18, C10, S49, 5
M4, 18, C10, S50, 94
M4, 18, C10, S51, 59
M4, 18, C10, S52, 69
M4, 18, C11, S1, 95
M4, 18, C11, S2, 71
M4, 18, C11, S3, 34
M4, 18, C11, S4, 77
M4, 18, C11, S5, 30
M4, 18, C11, S6, 90
M4, 18, C11, S7, 10
M4, 18, C11, S8, 78
M4, 18, C11, S9, 63
M4, 18, C11, S10, 72
M4, 18, C11, S11, 34
M4, 18, C11, S12, 87
M4, 18, C11, S13, 0
M4, 18, C11, S14, 15
M4, 18, C11, S15, 77
M4, 18, C11, S16, 24
M4, 18, C11, S17, 37
M4, 18, C11, S18, 46
M4, 18, C11, S19, 86
M4, 18, C11, S20, 82
M4, 18, C11, S21, 70
M4, 18, C11, S22, 21
M4, 18, C11, S23, 8
M4, 18, C11, S24, 67
M4, 18, C11, S25, 46
M4, 18, C11, S26, 89
M4, 18, C11, S27, 16
M4, 18, C11, S28, 58
M4, 18, C11, S29, 49
M4, 18, C11, S30, 77
M4, 18, C11, S31, 62
M4, 18, C11, S32, 84
M4, 18, C11, S33, 41
M4, 18, C11, S34, 77
M4, 18, C11, S35, 28
M4, 18, C11, S36, 54
M4, 18, C11, S37, 64
M4, 18, C11, S38, 59
M4, 18, C11, S39, 84
M4, 18, C11, S40, 26
M4, 18, C11, S41, 53
M4, 18, C11, S42, 34
M4, 18, C11, S43, 10
M4, 18, C11, S44, 73
M4, 18, C11, S45, 87
M4, 18, C11, S46, 22
M4, 18, C11, S47, 92
M4, 18, C11, S48, 7
M4, 18, C11, S49, 2
M4, 18, C11, S50, 52
M4, 18, C11, S51, 54
M4, 18, C11, S52, 61
M4, 18, C12, S1, 83
M4, 18, C12, S2, 5
M4, 18, C12, S3, 85
M4, 18, C12, S4, 99
M4, 18, C12, S5, 15
M4, 18, C12, S6, 73
M4, 18, C12, S7, 82
M4, 18, C12, S8, 12
M4, 18, C12, S9, 82
M4, 18, C12, S10, 76
M4, 18, C12, S11, 45
M4, 18, C12, S12, 73
M4, 18, C12, S13, 71
M4, 18, C12, S14, 58
M4, 18, C12, S15, 78
M4, 18, C12, S16, 8
M4, 18, C12, S17, 62
M4, 18, C12, S18, 4
M4, 18, C12, S19, 60
M4, 18, C12, S20, 98
M4, 18, C12, S21, 39
M4, 18, C12, S22, 37
M4, 18, C12, S23, 3
M4, 18, C12, S24, 6
M4, 18, C12, S25, 69
M4, 18, C12, S26, 9
M4, 18, C12, S27, 5
M4, 18, C12, S28, 70
M4, 18, C12, S29, 44
M4, 18, C12, S30, 86
M4, 18, C12, S31, 41
M4, 18, C12, S32, 38
M4, 18, C12, S33, 21
M4, 18, C12, S34, 90
M4, 18, C12, S35, 14
M4, 18, C12, S36, 42
M4, 18, C12, S37, 44
M4, 18, C12, S38, 73
M4, 18, C12, S39, 13
M4, 18, C12, S40, 9
M4, 18, C12, S41, 6
M4, 18, C12, S42, 23
M4, 18, C12, S43, 41
M4, 18, C12, S44, 25
M4, 18, C12, S45, 23
M4, 18, C12, S46, 82
M4, 18, C12, S47, 48
M4, 18, C12, S48, 19
M4, 18, C12, S49, 65
M4, 18, C12, S50, 60
M4, 18, C12, S51, 93
M4, 18, C12, S52, 54
M4, 18, C13, S1, 53
M4, 18, C13, S2, 28
M4, 18, C13, S3, 77
M4, 18, C13, S4, 87
M4, 18, C13, S5, 73
M4, 18, C13, S6, 29
M4, 18, C13, S7, 47
M4, 18, C13, S8, 94
M4, 18, C13, S9, 41
M4, 18, C13, S10, 7
M4, 18, C13, S11, 29
M4, 18, C13, S12, 37
M4, 18, C13, S13, 99
M4, 18, C13, S14, 96
M4, 18, C13, S15, 20
M4, 18, C13, S16, 33
M4, 18, C13, S17, 67
M4, 18, C13, S18, 66
M4, 18, C13, S19, 89
M4, 18, C13, S20, 24
M4, 18, C13, S21, 71
M4, 18, C13, S22, 58
M4, 18, C13, S23, 93
M4, 18, C13, S24, 87
M4, 18, C13, S25, 70
M4, 18, C13, S26, 66
M4, 18, C13, S27, 57
M4, 18, C13, S28, 74
M4, 18, C13, S29, 2
M4, 18, C13, S30, 27
M4, 18, C13, S31, 1
M4, 18, C13, S32, 38
M4, 18, C13, S33, 68
M4, 18, C13, S34, 64
M4, 18, C13, S35, 16
M4, 18, C13, S36, 63
M4, 18, C13, S37, 42
M4, 18, C13, S38, 9
M4, 18, C13, S39, 64
M4, 18, C13, S40, 44
M4, 18, C13, S41, 3
M4, 18, C13, S42, 19
M4, 18, C13, S43, 47
M4, 18, C13, S44, 67
M4, 18, C13, S45, 37
M4, 18, C13, S46, 5
M4, 18, C13, S47, 81
M4, 18, C13, S48, 41
M4, 18, C13, S49, 68
M4, 18, C13, S50, 53
M4, 18, C13, S51, 49
M4, 18, C13, S52, 60
